id,first_name,last_name,email,gender,ip_address
1,Armstrong,Markos,amarkos0@hao123.com,Male,51.232.180.172
2,Ingra,O'Neill,ioneill1@cornell.edu,Male,32.91.37.103
3,Mendie,Surmeyer,msurmeyer2@nymag.com,Male,82.75.207.131
4,Alexis,Lainton,alainton3@blogtalkradio.com,Male,138.36.14.78
5,Wakefield,Plaide,wplaide4@cam.ac.uk,Male,226.210.71.13
6,Danna,Fley,dfley5@twitpic.com,Female,219.9.134.94
7,Drugi,Zecchii,dzecchii6@cnn.com,Male,193.30.199.2
8,Early,Gostage,egostage7@hubpages.com,Male,218.78.53.212
9,Yardley,Chesshyre,ychesshyre8@pcworld.com,Male,25.85.127.26
10,Saxon,Leffek,sleffek9@pbs.org,Male,234.233.179.183
11,Liuka,Bewsy,lbewsya@ibm.com,Female,219.209.25.62
12,Homerus,MacConneely,hmacconneelyb@businesswire.com,Male,114.177.251.117
13,Gay,Amor,gamorc@cdc.gov,Female,137.184.140.98
14,Elita,Biglin,ebiglind@psu.edu,Female,52.218.189.97
15,Margo,MacBain,mmacbaine@angelfire.com,Female,63.195.218.164
16,Normie,Look,nlookf@weebly.com,Male,80.221.149.249
17,Saudra,McTeggart,smcteggartg@twitter.com,Female,15.75.230.118
18,Burnaby,Marlowe,bmarloweh@ft.com,Bigender,35.48.181.216
19,Annadiane,Cellier,acellieri@businessinsider.com,Female,77.122.132.220
20,Nannie,Eunson,neunsonj@cocolog-nifty.com,Female,42.61.243.146
21,Loraine,Whisker,lwhiskerk@cbsnews.com,Female,226.93.247.153
22,Brigham,Canacott,bcanacottl@amazon.co.uk,Male,161.55.17.53
23,Smitty,Freschini,sfreschinim@woothemes.com,Male,110.254.45.96
24,Cloe,Eldershaw,celdershawn@diigo.com,Female,107.81.170.80
25,Westley,Uden,wudeno@multiply.com,Male,150.193.110.84
26,Friedrich,Fitzsimmons,ffitzsimmonsp@godaddy.com,Male,184.57.162.32
27,Glynn,Chipps,gchippsq@youku.com,Male,200.53.243.44
28,Rheba,Sein,rseinr@microsoft.com,Polygender,241.194.209.172
29,Corrina,Jewiss,cjewisss@abc.net.au,Non-binary,170.248.114.41
30,Willamina,Apfelmann,wapfelmannt@mail.ru,Female,219.8.239.196
31,Renata,Keynes,rkeynesu@webnode.com,Female,137.39.157.4
32,Dmitri,Durrans,ddurransv@istockphoto.com,Male,63.6.249.9
33,Georgiana,Hyman,ghymanw@arstechnica.com,Female,100.194.0.86
34,Karna,Townes,ktownesx@delicious.com,Female,85.151.125.109
35,Teresita,Guyonnet,tguyonnety@icq.com,Female,198.52.34.124
36,Aggy,Corck,acorckz@sphinn.com,Female,91.172.78.87
37,Billie,Kleynen,bkleynen10@boston.com,Male,230.99.19.107
38,Pippo,Harrington,pharrington11@gov.uk,Male,243.239.102.144
39,Farleigh,Glaister,fglaister12@engadget.com,Genderfluid,112.191.124.14
40,Pablo,Slyme,pslyme13@bbc.co.uk,Male,76.88.229.199
41,Tye,Nightingale,tnightingale14@networkadvertising.org,Male,248.51.100.163
42,Mattie,Lawton,mlawton15@ow.ly,Male,69.4.109.255
43,Melony,Bilby,mbilby16@ca.gov,Female,187.121.149.159
44,Rickie,Clarey,rclarey17@goo.ne.jp,Female,119.194.209.203
45,Brade,McBayne,bmcbayne18@wisc.edu,Male,199.18.187.70
46,August,Sabine,asabine19@jigsy.com,Male,39.241.138.197
47,Ottilie,Chauvey,ochauvey1a@utexas.edu,Female,228.201.68.221
48,Kristine,Ridsdell,kridsdell1b@disqus.com,Female,133.156.93.247
49,Clementius,Bysouth,cbysouth1c@statcounter.com,Male,78.113.88.105
50,Maisie,MacKissack,mmackissack1d@yandex.ru,Female,182.174.39.124
51,Ysabel,Rallings,yrallings1e@weebly.com,Agender,51.216.197.112
52,Gunar,Breacher,gbreacher1f@biblegateway.com,Male,171.246.148.121
53,Isac,McSkin,imcskin1g@globo.com,Male,47.7.224.74
54,Dino,Eassom,deassom1h@trellian.com,Male,171.20.198.255
55,Matthias,Rudolfer,mrudolfer1i@discuz.net,Male,57.142.175.181
56,Maribelle,Dubble,mdubble1j@reuters.com,Female,197.78.210.174
57,Benedict,Siuda,bsiuda1k@reverbnation.com,Male,127.133.204.219
58,Myrtie,Josipovitz,mjosipovitz1l@dagondesign.com,Polygender,143.49.27.115
59,Jayne,Ingree,jingree1m@slashdot.org,Female,35.128.45.251
60,Denyse,Kemell,dkemell1n@nydailynews.com,Female,127.107.193.107
61,Adora,Ismail,aismail1o@smh.com.au,Female,28.151.150.117
62,Bertrand,Jardine,bjardine1p@berkeley.edu,Male,58.223.100.170
63,Zsa zsa,Duffield,zduffield1q@constantcontact.com,Female,5.49.177.216
64,Jammal,Carbin,jcarbin1r@accuweather.com,Male,10.72.33.230
65,Georgianne,Tittershill,gtittershill1s@tinyurl.com,Female,216.227.65.226
66,Clayborn,Erat,cerat1t@bing.com,Male,166.101.90.240
67,Carlita,Hazleton,chazleton1u@va.gov,Female,202.218.9.58
68,Rebekah,Sullivan,rsullivan1v@sbwire.com,Female,154.53.114.74
69,Milka,Hutchason,mhutchason1w@xing.com,Bigender,171.144.207.127
70,Leda,Shearme,lshearme1x@mozilla.org,Female,180.66.50.20
71,Lindsay,Furlonge,lfurlonge1y@narod.ru,Male,81.198.249.11
72,Jerrome,De Zuani,jdezuani1z@biblegateway.com,Male,51.3.119.130
73,Davis,Blake,dblake20@youtube.com,Male,35.171.227.41
74,Mady,Willox,mwillox21@dagondesign.com,Female,42.239.189.88
75,Hansiain,Vynarde,hvynarde22@npr.org,Genderqueer,56.57.103.111
76,Gusti,Bohling,gbohling23@omniture.com,Female,212.41.76.139
77,Davon,Beddow,dbeddow24@vimeo.com,Male,162.114.8.41
78,Ariel,Spick,aspick25@typepad.com,Male,121.12.54.6
79,Drake,Angus,dangus26@multiply.com,Male,179.178.198.229
80,Vinni,Bruntjen,vbruntjen27@washingtonpost.com,Female,255.87.58.119
81,Devinne,Lenglet,dlenglet28@wix.com,Bigender,117.83.187.187
82,Nata,Lehenmann,nlehenmann29@census.gov,Female,103.196.94.102
83,Rose,Alesio,ralesio2a@youtube.com,Female,253.242.241.109
84,Rudolf,MacPaike,rmacpaike2b@squarespace.com,Male,239.123.146.148
85,Eldin,Maffey,emaffey2c@indiegogo.com,Male,39.173.12.3
86,Park,Stelle,pstelle2d@technorati.com,Male,194.135.99.251
87,Martainn,Tumbelty,mtumbelty2e@weebly.com,Male,56.26.135.215
88,Cassey,Delacote,cdelacote2f@naver.com,Female,103.26.99.148
89,Bambie,David,bdavid2g@cocolog-nifty.com,Female,225.113.118.190
90,Pepito,Bellon,pbellon2h@yellowbook.com,Male,40.30.37.42
91,Horace,Lewzey,hlewzey2i@census.gov,Male,139.29.64.46
92,Lilia,Weddell,lweddell2j@guardian.co.uk,Female,206.93.165.94
93,Zia,Gebbe,zgebbe2k@slideshare.net,Female,191.216.5.29
94,Nicol,Kuschek,nkuschek2l@pen.io,Male,96.69.95.74
95,Juditha,Tuberfield,jtuberfield2m@gnu.org,Female,118.84.247.80
96,Bartie,Roantree,broantree2n@dagondesign.com,Male,201.77.98.183
97,Oliver,Genike,ogenike2o@europa.eu,Male,172.191.125.165
98,Zachery,Belfelt,zbelfelt2p@economist.com,Male,95.184.70.191
99,Coraline,Birdwhistle,cbirdwhistle2q@mayoclinic.com,Female,207.213.54.197
100,Lenna,Penny,lpenny2r@friendfeed.com,Female,238.119.232.127
101,Shelby,Insall,sinsall2s@usnews.com,Male,117.35.168.201
102,Natalee,Wallworth,nwallworth2t@ovh.net,Female,7.76.44.241
103,Nannie,Gow,ngow2u@cargocollective.com,Female,171.89.150.29
104,Carny,Steabler,csteabler2v@uiuc.edu,Male,212.126.190.48
105,Christian,Klassman,cklassman2w@typepad.com,Male,114.105.70.196
106,Hilary,Ivakin,hivakin2x@cam.ac.uk,Male,243.188.74.232
107,Devinne,Amsden,damsden2y@flickr.com,Female,231.18.102.11
108,Constance,Carous,ccarous2z@ted.com,Genderfluid,95.66.110.224
109,Ashil,MacGiffin,amacgiffin30@army.mil,Female,6.10.0.8
110,Christabella,Skewis,cskewis31@shareasale.com,Female,101.141.237.194
111,Annabel,Raphael,araphael32@jugem.jp,Female,44.46.17.100
112,Garnette,Wickens,gwickens33@jiathis.com,Female,167.56.127.194
113,Lorette,Easton,leaston34@goo.ne.jp,Female,201.243.246.82
114,Purcell,Helsdon,phelsdon35@mashable.com,Genderqueer,230.228.102.247
115,Haroun,Jeune,hjeune36@epa.gov,Male,207.54.224.6
116,Oby,Maciocia,omaciocia37@nymag.com,Non-binary,77.0.192.234
117,Janela,Blinerman,jblinerman38@odnoklassniki.ru,Female,97.253.116.88
118,Nicolas,Mann,nmann39@storify.com,Male,5.253.240.229
119,Cad,Ferrucci,cferrucci3a@redcross.org,Male,94.193.177.36
120,Creighton,Ochterlony,cochterlony3b@nymag.com,Male,220.239.50.209
121,Laurel,Pinnijar,lpinnijar3c@squarespace.com,Female,92.227.59.52
122,Alaric,Stollard,astollard3d@blogtalkradio.com,Male,121.191.116.160
123,Trix,Coy,tcoy3e@arstechnica.com,Genderqueer,9.160.86.236
124,Janis,Phear,jphear3f@hao123.com,Female,119.115.133.88
125,Lek,Carrane,lcarrane3g@abc.net.au,Male,196.197.97.120
126,Trenna,Temblett,ttemblett3h@rediff.com,Female,150.160.88.194
127,Sallee,Belham,sbelham3i@independent.co.uk,Female,254.73.192.225
128,Cammy,Macenzy,cmacenzy3j@dailymail.co.uk,Male,186.182.199.216
129,Ross,McAnalley,rmcanalley3k@sakura.ne.jp,Male,81.127.27.23
130,Adela,Locksley,alocksley3l@blogtalkradio.com,Female,75.226.72.89
131,Vachel,Gowthorpe,vgowthorpe3m@1688.com,Male,213.143.115.13
132,Paxton,Lobbe,plobbe3n@dot.gov,Genderqueer,73.253.92.140
133,Milka,Rathjen,mrathjen3o@rakuten.co.jp,Female,254.226.196.86
134,Fabio,Hallut,fhallut3p@archive.org,Male,94.143.182.45
135,Allx,Wollaston,awollaston3q@trellian.com,Female,138.199.74.203
136,Zelig,Benadette,zbenadette3r@huffingtonpost.com,Polygender,153.215.76.216
137,Chelsie,McGebenay,cmcgebenay3s@pen.io,Female,191.134.127.100
138,Daloris,Cossom,dcossom3t@youtu.be,Female,199.39.160.232
139,Regan,Julian,rjulian3u@columbia.edu,Male,53.196.132.129
140,Berkly,Drance,bdrance3v@nyu.edu,Male,194.126.83.17
141,Ravi,Featley,rfeatley3w@biblegateway.com,Bigender,188.170.230.211
142,Nedi,Merring,nmerring3x@dion.ne.jp,Female,122.139.161.13
143,Adriano,Allen,aallen3y@chronoengine.com,Male,93.171.164.139
144,Ingrid,Giorgiutti,igiorgiutti3z@ox.ac.uk,Female,140.38.159.104
145,Aidan,Scrivener,ascrivener40@drupal.org,Female,63.37.179.120
146,Konstanze,Ledgister,kledgister41@nature.com,Female,221.144.125.22
147,Adda,Blackler,ablackler42@nyu.edu,Female,136.93.163.107
148,Gerhardt,O'Crowley,gocrowley43@reuters.com,Male,70.137.42.198
149,Rici,Domeny,rdomeny44@twitpic.com,Female,88.117.90.234
150,Dodi,Plews,dplews45@elegantthemes.com,Female,247.195.95.31
151,Pincas,Fisbey,pfisbey46@berkeley.edu,Male,66.196.254.157
152,Nisse,Ringrose,nringrose47@amazonaws.com,Bigender,57.251.240.173
153,Sarene,Sutherley,ssutherley48@last.fm,Female,140.71.100.110
154,Regen,Denslow,rdenslow49@mlb.com,Male,97.21.48.111
155,Jere,Koche,jkoche4a@toplist.cz,Polygender,19.208.38.193
156,Jarvis,Pinxton,jpinxton4b@fotki.com,Male,42.20.4.216
157,Germain,McEvilly,gmcevilly4c@slideshare.net,Male,168.168.227.236
158,Remus,Tesoe,rtesoe4d@hibu.com,Male,181.30.30.127
159,Dietrich,Ferens,dferens4e@yolasite.com,Male,25.101.182.83
160,Valerie,Chandlar,vchandlar4f@moonfruit.com,Female,252.104.40.179
161,Benedetto,Wooler,bwooler4g@jimdo.com,Male,113.142.62.12
162,Gerardo,Caplin,gcaplin4h@usatoday.com,Male,77.248.26.148
163,Oralia,Kaesmans,okaesmans4i@businessweek.com,Female,67.22.126.170
164,Julianne,Kaman,jkaman4j@thetimes.co.uk,Agender,244.188.194.239
165,Cello,Dismore,cdismore4k@cornell.edu,Male,91.53.243.80
166,Sherry,Kester,skester4l@surveymonkey.com,Female,224.26.132.72
167,Yankee,Cyseley,ycyseley4m@freewebs.com,Male,219.160.82.213
168,El,Fortman,efortman4n@foxnews.com,Male,253.47.191.87
169,Grantham,Riseborough,griseborough4o@printfriendly.com,Male,192.232.122.186
170,Avery,Pudding,apudding4p@nih.gov,Male,76.247.217.89
171,Nichole,Huckstepp,nhuckstepp4q@mozilla.com,Male,234.198.81.195
172,Eleonora,Weedenburg,eweedenburg4r@admin.ch,Female,93.2.229.83
173,Jonis,Shelborne,jshelborne4s@aboutads.info,Female,69.98.140.127
174,Debi,Murphy,dmurphy4t@jiathis.com,Female,240.169.35.189
175,Smitty,Ruddin,sruddin4u@elegantthemes.com,Male,247.113.250.79
176,Murdock,Brian,mbrian4v@storify.com,Male,13.247.58.13
177,Gaelan,Bakeup,gbakeup4w@washington.edu,Male,93.59.78.79
178,Cassius,Fawckner,cfawckner4x@samsung.com,Male,54.62.101.141
179,Vania,Paxeford,vpaxeford4y@discovery.com,Female,18.91.155.122
180,Bonny,Levett,blevett4z@example.com,Female,150.211.138.69
181,Lincoln,Brunnen,lbrunnen50@bloglines.com,Male,59.183.114.215
182,Timmi,Sannes,tsannes51@technorati.com,Female,231.213.65.122
183,Libbie,Malacrida,lmalacrida52@cbc.ca,Female,104.57.55.121
184,Baxie,Sigge,bsigge53@opensource.org,Genderfluid,97.203.233.1
185,Pyotr,Triggs,ptriggs54@edublogs.org,Male,100.123.176.125
186,Bowie,Arrigo,barrigo55@domainmarket.com,Male,0.252.43.73
187,Batsheva,Gorcke,bgorcke56@sitemeter.com,Female,198.226.47.76
188,Ikey,O'Geneay,iogeneay57@cpanel.net,Male,164.206.230.222
189,Mareah,Davidovitz,mdavidovitz58@sciencedaily.com,Female,246.39.74.227
190,Melvyn,Bratcher,mbratcher59@washington.edu,Male,235.4.116.11
191,Ardath,Matuszak,amatuszak5a@angelfire.com,Female,0.236.223.148
192,Robinette,Goodhand,rgoodhand5b@cbc.ca,Female,5.211.128.139
193,Jessie,Milkins,jmilkins5c@paginegialle.it,Female,136.252.144.144
194,Brandais,Langstone,blangstone5d@illinois.edu,Female,141.147.1.13
195,Tatum,Prose,tprose5e@comcast.net,Female,171.230.128.5
196,Davy,Sextie,dsextie5f@chronoengine.com,Male,181.231.146.139
197,Uri,Cuesta,ucuesta5g@pinterest.com,Male,106.238.9.185
198,Regan,Dunsmore,rdunsmore5h@bluehost.com,Male,3.45.254.148
199,Bennett,Cancellor,bcancellor5i@sourceforge.net,Male,98.160.18.47
200,Minerva,Skill,mskill5j@soup.io,Female,6.157.231.236
201,Tyrone,Hindsberg,thindsberg5k@ft.com,Male,40.163.118.77
202,Faydra,Mabon,fmabon5l@stanford.edu,Polygender,240.138.5.27
203,Ceil,Suff,csuff5m@drupal.org,Female,120.136.178.236
204,Maynord,Pinfold,mpinfold5n@jiathis.com,Male,51.236.19.244
205,Amandi,Lapwood,alapwood5o@sphinn.com,Female,247.89.15.61
206,Aleksandr,Sockell,asockell5p@meetup.com,Agender,58.217.163.2
207,Fowler,Mattisson,fmattisson5q@etsy.com,Male,41.143.136.182
208,Lucius,Mullen,lmullen5r@hc360.com,Male,177.81.250.117
209,Filmore,Southorn,fsouthorn5s@google.com.br,Male,56.124.51.150
210,Loni,Reece,lreece5t@t.co,Female,218.110.111.92
211,Ive,Mulvihill,imulvihill5u@time.com,Male,180.250.171.99
212,Gabe,Baumert,gbaumert5v@google.co.uk,Male,87.107.107.106
213,Lemar,Catterall,lcatterall5w@google.ca,Male,246.93.202.157
214,Sid,Camidge,scamidge5x@spiegel.de,Male,192.106.137.239
215,Daffie,Edmondson,dedmondson5y@skyrock.com,Female,10.10.171.200
216,Ana,Adamovicz,aadamovicz5z@ezinearticles.com,Female,149.137.248.196
217,Cordi,Hinksen,chinksen60@xinhuanet.com,Female,131.18.138.251
218,Pooh,Beddall,pbeddall61@tumblr.com,Female,191.165.123.58
219,Jewell,Boerderman,jboerderman62@timesonline.co.uk,Bigender,158.45.125.120
220,Aguie,Bartalot,abartalot63@blogs.com,Male,174.45.226.236
221,Melloney,Linguard,mlinguard64@chronoengine.com,Female,245.47.195.201
222,Oswald,Slarke,oslarke65@mashable.com,Male,241.19.197.113
223,Ellen,Briztman,ebriztman66@webeden.co.uk,Female,87.46.48.28
224,Minetta,Tichner,mtichner67@china.com.cn,Female,1.150.246.196
225,Suzi,Grocock,sgrocock68@purevolume.com,Female,177.5.10.163
226,Andras,Wolledge,awolledge69@live.com,Male,71.159.99.116
227,Vanda,Bollins,vbollins6a@nhs.uk,Bigender,40.218.70.25
228,Jeana,Landsman,jlandsman6b@wordpress.org,Female,120.183.41.10
229,Silvain,Cheers,scheers6c@patch.com,Male,169.110.198.138
230,Grantley,Byers,gbyers6d@scribd.com,Male,88.4.187.7
231,Laina,Kryszka,lkryszka6e@e-recht24.de,Female,16.163.217.145
232,Allin,Whiteway,awhiteway6f@comsenz.com,Male,17.125.89.32
233,Codie,Cassie,ccassie6g@ebay.co.uk,Male,192.133.242.13
234,Boniface,Ogborn,bogborn6h@icq.com,Genderfluid,56.198.209.172
235,Cam,Lamswood,clamswood6i@amazon.com,Male,31.29.112.197
236,Jacky,Christin,jchristin6j@scientificamerican.com,Female,212.102.42.150
237,Noreen,Bolingbroke,nbolingbroke6k@blogspot.com,Female,202.93.86.231
238,Selestina,Ormston,sormston6l@indiegogo.com,Female,107.213.95.156
239,Jo-anne,Curado,jcurado6m@theatlantic.com,Female,101.243.165.144
240,Faye,Steenson,fsteenson6n@bandcamp.com,Female,33.233.28.114
241,Kimberli,Baty,kbaty6o@google.de,Female,220.193.97.142
242,Augusta,Dawidowicz,adawidowicz6p@zdnet.com,Female,210.192.226.122
243,Lanny,Dauber,ldauber6q@wisc.edu,Male,86.70.21.173
244,Shelagh,Stansbury,sstansbury6r@irs.gov,Female,117.227.242.18
245,Glenden,Castard,gcastard6s@wikia.com,Male,85.244.62.214
246,Gerhardine,McDavid,gmcdavid6t@admin.ch,Female,79.222.126.64
247,Broddy,Burgiss,bburgiss6u@phoca.cz,Genderfluid,82.187.133.60
248,Magda,Bauduccio,mbauduccio6v@cdbaby.com,Agender,219.132.64.221
249,Tabbitha,Sweetlove,tsweetlove6w@timesonline.co.uk,Female,206.40.117.7
250,Torey,Poskitt,tposkitt6x@usa.gov,Female,4.30.132.137
251,Daniela,MacKaig,dmackaig6y@a8.net,Polygender,59.32.240.89
252,Darcy,Mompesson,dmompesson6z@fc2.com,Female,166.130.44.126
253,Bald,Plait,bplait70@netscape.com,Male,6.147.77.74
254,Audrye,Pragnell,apragnell71@plala.or.jp,Female,236.172.69.106
255,Latrina,Freckelton,lfreckelton72@sakura.ne.jp,Female,87.116.55.205
256,Emmalee,Sandon,esandon73@huffingtonpost.com,Female,217.142.87.59
257,Correy,Bedinn,cbedinn74@phoca.cz,Female,74.250.16.255
258,Blondelle,Batkin,bbatkin75@theatlantic.com,Female,184.27.226.83
259,Aguie,Woofendell,awoofendell76@cbsnews.com,Male,34.50.237.182
260,Lexine,Piet,lpiet77@list-manage.com,Female,214.223.144.5
261,Araldo,Duncombe,aduncombe78@usda.gov,Male,13.144.113.243
262,Lenard,Lemar,llemar79@imageshack.us,Male,118.79.59.201
263,Rupert,Christer,rchrister7a@123-reg.co.uk,Male,13.127.239.237
264,Chelsie,Whitlam,cwhitlam7b@ftc.gov,Female,167.41.181.89
265,Kele,Pfaffe,kpfaffe7c@bizjournals.com,Male,89.208.158.31
266,Crystal,Mulbry,cmulbry7d@miibeian.gov.cn,Female,129.149.241.31
267,Kimmy,Hakonsen,khakonsen7e@mapquest.com,Female,109.33.38.105
268,Anita,Quested,aquested7f@usnews.com,Female,215.74.148.87
269,Gale,Putman,gputman7g@economist.com,Female,219.1.230.151
270,Bald,Gyford,bgyford7h@quantcast.com,Male,42.57.119.93
271,Larine,Edlestone,ledlestone7i@cnet.com,Female,0.11.226.213
272,Bamby,Finlayson,bfinlayson7j@java.com,Female,27.215.22.225
273,Cecile,Worvill,cworvill7k@cocolog-nifty.com,Female,104.104.157.21
274,Rosalyn,Stellin,rstellin7l@wordpress.org,Female,44.232.84.101
275,Ted,Linggard,tlinggard7m@github.com,Female,200.9.78.74
276,Launce,Burgyn,lburgyn7n@thetimes.co.uk,Male,84.109.140.86
277,Livy,Myers,lmyers7o@surveymonkey.com,Female,87.192.67.249
278,Amery,Pettyfar,apettyfar7p@tiny.cc,Male,112.149.119.33
279,Frankie,Spratt,fspratt7q@census.gov,Male,33.128.141.239
280,Casey,Huyton,chuyton7r@ebay.com,Male,110.51.14.149
281,Myer,Attewill,mattewill7s@de.vu,Male,92.79.118.128
282,Angelita,Driscoll,adriscoll7t@moonfruit.com,Female,196.171.166.143
283,Liane,Brient,lbrient7u@tiny.cc,Female,150.93.35.22
284,Toni,Probbing,tprobbing7v@utexas.edu,Female,102.61.240.71
285,Levi,Catlette,lcatlette7w@desdev.cn,Male,221.174.234.94
286,Ellery,Inchbald,einchbald7x@drupal.org,Male,30.158.8.0
287,Morganne,Ledgerton,mledgerton7y@amazon.de,Female,230.8.133.89
288,Percy,Simonson,psimonson7z@phpbb.com,Male,46.193.37.38
289,Augusto,Bettaney,abettaney80@phpbb.com,Male,245.235.96.245
290,Blakelee,Blees,bblees81@sakura.ne.jp,Female,101.52.76.130
291,Korie,Blakes,kblakes82@blog.com,Female,250.240.114.241
292,Obadiah,Godsafe,ogodsafe83@engadget.com,Male,246.214.13.230
293,Krystyna,Rowcliffe,krowcliffe84@hubpages.com,Female,77.55.181.162
294,North,Morena,nmorena85@stanford.edu,Male,47.228.244.25
295,Forrest,Geerdts,fgeerdts86@nationalgeographic.com,Male,224.103.216.52
296,Sally,Maxsted,smaxsted87@alibaba.com,Non-binary,161.225.189.223
297,Archibold,Sifleet,asifleet88@squarespace.com,Male,143.44.9.118
298,Murdoch,Youngs,myoungs89@ow.ly,Male,41.47.23.76
299,Arte,Prodrick,aprodrick8a@boston.com,Male,125.187.180.154
300,Alida,Harwell,aharwell8b@aboutads.info,Female,24.169.42.205
301,Starlene,Ambrogio,sambrogio8c@github.io,Female,212.20.200.168
302,Ives,Yetton,iyetton8d@sphinn.com,Male,124.73.160.154
303,Dinny,Kinzett,dkinzett8e@diigo.com,Genderqueer,146.202.221.156
304,Annabel,Ottee,aottee8f@godaddy.com,Female,151.52.23.190
305,Remus,Messier,rmessier8g@seattletimes.com,Male,206.51.54.180
306,Lindsey,Towey,ltowey8h@oakley.com,Female,149.202.101.197
307,Irma,Marlowe,imarlowe8i@pagesperso-orange.fr,Female,122.57.171.123
308,Anestassia,McCallam,amccallam8j@foxnews.com,Female,110.230.245.253
309,Orlando,Kennifick,okennifick8k@mediafire.com,Male,211.205.194.122
310,Gustaf,Hollow,ghollow8l@ycombinator.com,Male,49.87.43.112
311,Estrella,Antonognoli,eantonognoli8m@zimbio.com,Female,32.95.1.24
312,Jeddy,Janauschek,jjanauschek8n@is.gd,Male,68.173.253.86
313,Corenda,Brauner,cbrauner8o@tinypic.com,Bigender,161.52.102.239
314,Pattin,Nicolson,pnicolson8p@chronoengine.com,Male,8.190.80.138
315,Cori,MacCracken,cmaccracken8q@sohu.com,Female,223.105.150.70
316,Linell,Marjanovic,lmarjanovic8r@yahoo.co.jp,Female,228.84.194.143
317,Elden,Priestner,epriestner8s@amazon.de,Male,208.32.26.124
318,Walliw,Polhill,wpolhill8t@yahoo.com,Female,234.162.178.159
319,Patsy,Farndell,pfarndell8u@blogger.com,Female,231.235.183.63
320,Stephana,Lydall,slydall8v@facebook.com,Female,216.63.1.124
321,Major,Kobisch,mkobisch8w@trellian.com,Male,34.244.112.217
322,Rene,Persehouse,rpersehouse8x@uiuc.edu,Male,46.172.89.175
323,Allie,Kruschov,akruschov8y@economist.com,Male,59.14.112.151
324,Brooke,Connechy,bconnechy8z@technorati.com,Female,111.104.157.36
325,Perren,Halgarth,phalgarth90@dmoz.org,Male,10.179.148.246
326,Celinka,Trounson,ctrounson91@seattletimes.com,Female,172.154.249.52
327,Gratiana,Billin,gbillin92@ning.com,Female,197.24.187.26
328,Kaitlin,Nolton,knolton93@pcworld.com,Female,227.80.112.178
329,Rory,Skim,rskim94@imdb.com,Agender,149.179.114.37
330,Chloette,Giotto,cgiotto95@blogtalkradio.com,Female,170.254.52.77
331,Ricard,Laydel,rlaydel96@nydailynews.com,Male,119.176.93.195
332,Jeana,Ascough,jascough97@ucsd.edu,Female,208.11.206.242
333,Inesita,Debney,idebney98@hatena.ne.jp,Female,247.236.249.192
334,Kania,Jerrome,kjerrome99@qq.com,Bigender,138.39.19.35
335,Sherie,Crampsey,scrampsey9a@people.com.cn,Female,3.175.148.184
336,Enrichetta,Ozintsev,eozintsev9b@google.com,Polygender,214.0.151.126
337,Vanya,Habishaw,vhabishaw9c@deliciousdays.com,Female,116.70.86.109
338,Amelia,Bumpus,abumpus9d@google.ru,Female,35.137.188.98
339,Kyla,Robertacci,krobertacci9e@paginegialle.it,Female,143.52.131.215
340,Letta,Mertgen,lmertgen9f@t-online.de,Female,254.140.74.195
341,Ado,Adrienne,aadrienne9g@si.edu,Male,86.157.215.179
342,Michele,Millichip,mmillichip9h@huffingtonpost.com,Female,177.2.212.16
343,Cissy,Isacq,cisacq9i@reference.com,Female,218.233.208.160
344,Fidelity,Hoopper,fhoopper9j@tuttocitta.it,Genderqueer,100.158.132.239
345,Grover,Minett,gminett9k@biglobe.ne.jp,Male,209.248.255.150
346,Joane,Standall,jstandall9l@dailymotion.com,Female,117.255.145.71
347,Cherise,Moryson,cmoryson9m@free.fr,Female,198.154.116.233
348,Bari,Jillitt,bjillitt9n@baidu.com,Female,182.75.224.47
349,Linell,De Bruijn,ldebruijn9o@dyndns.org,Female,71.179.241.181
350,Shoshanna,Wapplington,swapplington9p@stanford.edu,Female,200.91.58.195
351,Rica,Orgel,rorgel9q@cyberchimps.com,Female,116.117.247.189
352,Darby,McFaell,dmcfaell9r@columbia.edu,Male,220.192.185.116
353,Byram,Horsted,bhorsted9s@noaa.gov,Male,198.127.163.173
354,Webb,Matthiesen,wmatthiesen9t@state.tx.us,Male,68.181.171.178
355,Florella,Lackham,flackham9u@elpais.com,Female,175.62.45.72
356,Merline,Sackur,msackur9v@wix.com,Polygender,14.212.225.198
357,Elianore,Timeby,etimeby9w@springer.com,Female,227.121.63.97
358,Horten,Spearman,hspearman9x@addthis.com,Male,238.212.33.48
359,Carly,Tyreman,ctyreman9y@list-manage.com,Female,215.137.244.152
360,Kara-lynn,Greenleaf,kgreenleaf9z@virginia.edu,Female,87.23.205.170
361,Raffaello,Elnor,relnora0@miibeian.gov.cn,Male,173.205.186.157
362,Ingamar,Lindenfeld,ilindenfelda1@unblog.fr,Male,60.180.21.208
363,Oralia,Milmo,omilmoa2@merriam-webster.com,Female,241.76.77.153
364,Arabele,Mort,amorta3@upenn.edu,Female,205.129.173.67
365,Harbert,Momford,hmomforda4@sbwire.com,Genderqueer,243.79.155.166
366,Nedda,Holt,nholta5@sourceforge.net,Agender,103.178.194.182
367,Elnar,Runge,erungea6@freewebs.com,Male,38.191.30.169
368,Tedra,Lilburn,tlilburna7@icq.com,Female,198.210.212.243
369,Nara,Clears,nclearsa8@cam.ac.uk,Female,233.106.73.106
370,Cybill,Noon,cnoona9@cbslocal.com,Female,73.136.167.68
371,Jen,Prue,jprueaa@census.gov,Female,166.83.207.128
372,Belva,Chiene,bchieneab@kickstarter.com,Female,212.188.76.162
373,Rosemaria,Mattiussi,rmattiussiac@phpbb.com,Female,63.91.81.170
374,Sophey,Dudbridge,sdudbridgead@patch.com,Female,216.78.50.239
375,Giovanni,Hollier,ghollierae@bbb.org,Genderfluid,172.230.67.144
376,Sheridan,Pocklington,spocklingtonaf@google.com,Genderfluid,130.63.149.29
377,Willa,Roffe,wroffeag@miitbeian.gov.cn,Female,227.67.112.129
378,Tersina,Bultitude,tbultitudeah@addtoany.com,Non-binary,245.224.88.198
379,Isa,Semeradova,isemeradovaai@noaa.gov,Male,217.190.202.173
380,Millard,Coultar,mcoultaraj@amazon.co.uk,Male,248.232.86.229
381,Shirlee,Vigneron,svigneronak@miibeian.gov.cn,Female,111.51.178.230
382,Feodor,Whitland,fwhitlandal@accuweather.com,Male,168.116.243.107
383,Salome,Lepper,slepperam@discovery.com,Bigender,171.141.146.18
384,Reinaldo,Pyott,rpyottan@chicagotribune.com,Male,57.6.28.43
385,Lowrance,Grocock,lgrocockao@msu.edu,Male,105.177.126.220
386,Padraic,Shoppee,pshoppeeap@aboutads.info,Male,165.57.249.230
387,Sonia,Kobierra,skobierraaq@privacy.gov.au,Female,99.0.68.122
388,Merridie,Phelips,mphelipsar@discovery.com,Female,122.6.158.234
389,Den,Gatheridge,dgatheridgeas@ehow.com,Male,2.138.184.146
390,Chrissy,Lovstrom,clovstromat@devhub.com,Female,74.212.20.18
391,Gerry,McIlmurray,gmcilmurrayau@woothemes.com,Male,78.245.208.1
392,Dallis,Roelofs,droelofsav@mapquest.com,Male,3.28.157.102
393,Annmarie,Bocke,abockeaw@yahoo.com,Female,146.126.151.229
394,Kayla,Beefon,kbeefonax@rambler.ru,Female,232.213.226.94
395,Mortie,Riding,mridingay@adobe.com,Male,145.17.74.95
396,Emili,Almon,ealmonaz@zimbio.com,Female,182.163.218.203
397,Glynn,De la Feld,gdelafeldb0@ycombinator.com,Male,23.192.4.90
398,Karon,Boncore,kboncoreb1@businessweek.com,Female,86.64.181.231
399,Rodrick,Wareing,rwareingb2@washington.edu,Male,67.37.105.61
400,Esmaria,Philipsen,ephilipsenb3@nyu.edu,Female,246.119.111.93
401,Tedman,Pomphrett,tpomphrettb4@tuttocitta.it,Male,6.129.194.206
402,Konrad,Hyndley,khyndleyb5@over-blog.com,Male,255.175.120.212
403,Olympia,Schrei,oschreib6@weather.com,Female,51.54.235.90
404,Erika,Vesque,evesqueb7@dmoz.org,Female,144.102.211.122
405,Chickie,Lippiello,clippiellob8@umn.edu,Female,238.40.65.220
406,Kalila,MacDunleavy,kmacdunleavyb9@phoca.cz,Female,72.58.141.97
407,Loralyn,Marden,lmardenba@dedecms.com,Female,235.54.161.141
408,Pavlov,Lorenzini,plorenzinibb@nymag.com,Male,113.183.237.77
409,Marve,Garth,mgarthbc@sohu.com,Male,158.214.79.14
410,Niccolo,Crum,ncrumbd@wikispaces.com,Male,67.43.202.246
411,Uri,Vankin,uvankinbe@mac.com,Male,244.9.163.154
412,Zabrina,Darrigoe,zdarrigoebf@answers.com,Female,169.195.24.184
413,Nevsa,Parman,nparmanbg@wikia.com,Female,199.72.68.49
414,Bird,Kopacek,bkopacekbh@chronoengine.com,Female,126.230.71.189
415,Carter,Domsalla,cdomsallabi@phoca.cz,Male,224.101.224.201
416,Luther,Moroney,lmoroneybj@who.int,Male,92.134.120.241
417,Krystal,Poultney,kpoultneybk@slideshare.net,Female,168.44.172.212
418,Allegra,Dumsday,adumsdaybl@ovh.net,Female,214.40.221.35
419,Enid,Ambroisin,eambroisinbm@mtv.com,Female,16.93.37.238
420,Purcell,Lorriman,plorrimanbn@wunderground.com,Bigender,138.200.101.210
421,Flory,Bloy,fbloybo@yahoo.co.jp,Male,166.74.1.189
422,Robinet,MacCathay,rmaccathaybp@statcounter.com,Male,39.0.189.14
423,Madeleine,Podbury,mpodburybq@netlog.com,Female,9.240.106.40
424,Cherri,Tandey,ctandeybr@macromedia.com,Female,163.249.157.76
425,Robby,Shercliff,rshercliffbs@sohu.com,Female,222.24.174.92
426,Hughie,McGonnell,hmcgonnellbt@telegraph.co.uk,Male,34.225.136.210
427,Kevina,Tomasicchio,ktomasicchiobu@paypal.com,Female,65.106.52.23
428,Amalie,Tarbox,atarboxbv@acquirethisname.com,Female,254.241.219.248
429,Keefer,Edlin,kedlinbw@webnode.com,Male,35.84.177.237
430,Orv,Varga,ovargabx@yandex.ru,Male,44.34.15.83
431,Beryle,Wehnerr,bwehnerrby@homestead.com,Female,202.151.19.13
432,Meggi,Wardle,mwardlebz@pen.io,Female,141.59.190.117
433,Donny,Grigoryov,dgrigoryovc0@clickbank.net,Male,3.167.124.112
434,Ricoriki,Guidera,rguiderac1@miitbeian.gov.cn,Male,65.135.134.15
435,Fabio,Woan,fwoanc2@phoca.cz,Male,125.109.107.236
436,Kassia,Morphet,kmorphetc3@discuz.net,Female,211.114.73.29
437,Weidar,Concklin,wconcklinc4@ucsd.edu,Male,137.10.38.195
438,Megen,Wildey,mwildeyc5@vimeo.com,Female,66.19.7.28
439,Carilyn,Aronoff,caronoffc6@cnn.com,Female,14.238.145.128
440,Hertha,Gerardot,hgerardotc7@yahoo.co.jp,Female,255.3.103.100
441,Benito,MacNucator,bmacnucatorc8@nba.com,Male,206.6.21.153
442,Pearl,Boothroyd,pboothroydc9@sun.com,Female,69.200.253.242
443,Cammie,Chaster,cchasterca@weebly.com,Genderfluid,209.214.123.165
444,Gretal,Adnett,gadnettcb@irs.gov,Female,140.167.33.196
445,Thorvald,Grimsley,tgrimsleycc@deliciousdays.com,Male,166.142.76.55
446,Michaela,Varey,mvareycd@list-manage.com,Female,214.22.4.123
447,Sibelle,Rastall,srastallce@webnode.com,Genderqueer,164.78.105.138
448,Fredrika,Mahomet,fmahometcf@dailymotion.com,Female,174.17.168.82
449,Lowell,Blemings,lblemingscg@vkontakte.ru,Male,146.253.176.20
450,Naomi,Goldsbrough,ngoldsbroughch@nature.com,Female,171.127.229.121
451,Redford,Marjanski,rmarjanskici@istockphoto.com,Male,132.158.30.75
452,Elga,Pirdy,epirdycj@marriott.com,Female,44.54.65.30
453,Xever,Perigeaux,xperigeauxck@cbc.ca,Male,60.83.157.84
454,Thayne,Balwin,tbalwincl@cam.ac.uk,Male,219.100.11.114
455,Devin,Kenward,dkenwardcm@businessinsider.com,Male,71.36.79.184
456,Job,Juckes,jjuckescn@guardian.co.uk,Male,117.68.66.22
457,Yasmin,Ponter,yponterco@woothemes.com,Non-binary,191.185.137.61
458,Ceil,Tatum,ctatumcp@wikispaces.com,Female,31.109.157.157
459,Dora,Enos,denoscq@washington.edu,Female,13.37.244.232
460,Alric,Wabey,awabeycr@columbia.edu,Male,254.253.56.78
461,Amalie,Cassy,acassycs@list-manage.com,Female,7.86.28.105
462,Mira,Corke,mcorkect@booking.com,Female,73.95.195.106
463,Wallis,Galler,wgallercu@homestead.com,Male,248.126.225.229
464,Davida,McIvor,dmcivorcv@ihg.com,Female,203.123.126.207
465,Ailene,McGillreich,amcgillreichcw@reddit.com,Female,57.47.187.189
466,Patricio,Hullins,phullinscx@umich.edu,Male,89.189.151.90
467,Trent,Benn,tbenncy@cargocollective.com,Male,244.8.155.82
468,Celie,Jeffery,cjefferycz@linkedin.com,Female,247.178.244.255
469,Fayth,Orneblow,forneblowd0@google.pl,Female,39.135.91.230
470,Gaston,Seabert,gseabertd1@nymag.com,Male,139.253.24.195
471,Immanuel,Dellenbach,idellenbachd2@oaic.gov.au,Male,72.215.98.112
472,Enriqueta,Francomb,efrancombd3@cafepress.com,Female,21.17.199.220
473,Bernetta,Carnduff,bcarnduffd4@dyndns.org,Female,80.228.177.41
474,Todd,Groger,tgrogerd5@behance.net,Male,238.188.144.225
475,Mandi,Waggett,mwaggettd6@merriam-webster.com,Genderqueer,172.202.218.175
476,Briggs,Habbershon,bhabbershond7@sphinn.com,Male,247.57.213.181
477,Gaspard,Woolen,gwoolend8@domainmarket.com,Male,24.246.138.34
478,Jere,Longfoot,jlongfootd9@chron.com,Female,213.72.21.250
479,Klarika,Howroyd,khowroydda@thetimes.co.uk,Female,152.102.22.203
480,Sarena,Frain,sfraindb@home.pl,Female,127.47.205.47
481,Valle,Meachem,vmeachemdc@taobao.com,Polygender,114.20.176.161
482,Misha,McGeachey,mmcgeacheydd@wordpress.org,Female,32.122.88.134
483,Sarajane,Simeoli,ssimeolide@xinhuanet.com,Female,221.222.126.115
484,Karel,Lightning,klightningdf@gnu.org,Female,52.140.65.4
485,Rori,Axell,raxelldg@cam.ac.uk,Female,49.46.25.131
486,Terencio,Humfrey,thumfreydh@themeforest.net,Male,207.231.51.194
487,Mozelle,Casetta,mcasettadi@over-blog.com,Female,13.125.228.47
488,Ericha,Bussell,ebusselldj@mashable.com,Female,87.12.169.240
489,Renault,Lamport,rlamportdk@wufoo.com,Male,18.220.47.149
490,Shepherd,Garnson,sgarnsondl@economist.com,Male,87.159.42.67
491,Paule,Marlowe,pmarlowedm@redcross.org,Female,193.132.194.251
492,Thomasina,Pauler,tpaulerdn@rambler.ru,Female,198.47.42.131
493,Derk,Sherry,dsherrydo@tumblr.com,Male,50.156.30.206
494,Rodrick,Wycherley,rwycherleydp@globo.com,Male,231.184.161.119
495,Tybi,Leadbitter,tleadbitterdq@thetimes.co.uk,Female,179.133.116.41
496,Meryl,Morrott,mmorrottdr@quantcast.com,Female,4.81.70.245
497,Mathilde,Fumagall,mfumagallds@last.fm,Female,206.216.207.107
498,Gearalt,Pratchett,gpratchettdt@gizmodo.com,Male,80.50.74.190
499,Tawsha,Meyrick,tmeyrickdu@netlog.com,Female,83.141.220.12
500,Mitch,Borrington,mborringtondv@google.fr,Male,26.196.213.133
501,Roderic,Renouf,rrenoufdw@jugem.jp,Male,213.46.126.201
502,Sabrina,Duxbury,sduxburydx@myspace.com,Female,79.14.154.3
503,Orelia,Wilson,owilsondy@ucoz.ru,Female,23.189.173.51
504,Gale,Lillegard,glillegarddz@printfriendly.com,Agender,130.207.217.133
505,Towny,Steward,tstewarde0@1688.com,Male,204.40.200.4
506,Skippy,Layhe,slayhee1@posterous.com,Male,13.101.243.178
507,Merlina,Filyushkin,mfilyushkine2@ft.com,Female,84.73.73.7
508,Benedicta,Dufaire,bdufairee3@usgs.gov,Female,47.100.225.189
509,Kip,De Benedictis,kdebenedictise4@guardian.co.uk,Male,32.99.114.33
510,Darill,Calcut,dcalcute5@theatlantic.com,Male,47.245.239.184
511,Sallee,Perrottet,sperrottete6@noaa.gov,Female,141.70.139.205
512,Hymie,Shurmer,hshurmere7@shop-pro.jp,Male,226.244.49.164
513,Johann,Huitson,jhuitsone8@multiply.com,Male,142.117.78.73
514,Sheilah,Hailes,shailese9@addthis.com,Female,54.119.76.109
515,Janelle,Nichols,jnicholsea@timesonline.co.uk,Female,67.131.246.100
516,Charleen,Ranyell,cranyelleb@biblegateway.com,Genderfluid,126.140.181.3
517,Danielle,Flint,dflintec@pcworld.com,Female,13.68.44.147
518,Albrecht,Trownson,atrownsoned@biglobe.ne.jp,Male,229.66.152.60
519,Rosa,Monkleigh,rmonkleighee@kickstarter.com,Female,110.201.186.61
520,Yves,Criag,ycriagef@apple.com,Male,190.19.116.111
521,Giorgio,Mapledoram,gmapledorameg@e-recht24.de,Male,194.146.96.43
522,Myrta,Gowman,mgowmaneh@drupal.org,Female,191.184.136.121
523,Christie,Thoms,cthomsei@telegraph.co.uk,Bigender,195.165.140.145
524,Sofie,Tobin,stobinej@godaddy.com,Female,41.130.161.220
525,Kirk,Martschke,kmartschkeek@digg.com,Male,119.71.55.58
526,Odelinda,Romagnosi,oromagnosiel@liveinternet.ru,Female,244.37.253.2
527,Melli,Tylor,mtylorem@i2i.jp,Female,10.110.198.55
528,Theodor,MacKnocker,tmacknockeren@miitbeian.gov.cn,Bigender,125.91.72.239
529,Agustin,Cowpertwait,acowpertwaiteo@state.tx.us,Male,195.139.156.243
530,Papageno,Gosenell,pgosenellep@wordpress.com,Male,11.222.85.28
531,Gwendolyn,Lawrence,glawrenceeq@mapy.cz,Female,185.177.68.49
532,Hayden,Wassung,hwassunger@desdev.cn,Male,236.74.15.142
533,Stephie,Boreland,sborelandes@statcounter.com,Female,162.237.157.185
534,Danice,Goalby,dgoalbyet@dailymotion.com,Female,227.129.117.9
535,Tommi,Danzey,tdanzeyeu@home.pl,Female,130.128.197.114
536,Clayborne,Whettleton,cwhettletonev@cyberchimps.com,Male,11.244.249.167
537,King,Arcase,karcaseew@reference.com,Male,222.127.61.110
538,Karim,Lovstrom,klovstromex@360.cn,Male,122.91.132.233
539,Jessie,Kille,jkilleey@vistaprint.com,Male,152.121.47.99
540,Osmond,Shapero,oshaperoez@oracle.com,Male,30.231.99.14
541,Charlena,Hehnke,chehnkef0@admin.ch,Bigender,31.121.160.104
542,Issy,Pilipets,ipilipetsf1@marriott.com,Female,27.98.203.204
543,Dimitry,Maccrea,dmaccreaf2@nymag.com,Male,204.245.87.163
544,Esteban,Sweatman,esweatmanf3@ask.com,Male,184.169.37.34
545,Katlin,Goney,kgoneyf4@smh.com.au,Female,49.45.205.131
546,Ilsa,Macura,imacuraf5@foxnews.com,Female,215.145.248.107
547,Crichton,Walework,cwaleworkf6@go.com,Male,204.97.5.185
548,Maddy,Osgarby,mosgarbyf7@nbcnews.com,Male,78.73.54.4
549,Eric,Lauchlan,elauchlanf8@tuttocitta.it,Male,246.249.26.115
550,Sile,Gadie,sgadief9@instagram.com,Female,36.22.227.27
551,Barny,Wherry,bwherryfa@google.ru,Male,31.244.68.218
552,Juliann,Klemt,jklemtfb@shutterfly.com,Female,245.139.1.84
553,Jerry,Janu,jjanufc@netscape.com,Male,66.173.236.20
554,Kynthia,Rudeforth,krudeforthfd@amazon.co.jp,Female,175.11.149.33
555,Dillie,Kaplin,dkaplinfe@ning.com,Genderqueer,77.241.19.202
556,Wiley,Errey,werreyff@hud.gov,Male,242.214.0.238
557,Abbye,Jillett,ajillettfg@phpbb.com,Female,163.168.51.6
558,Christa,Leborgne,cleborgnefh@myspace.com,Female,251.55.38.135
559,Emilio,Normanvill,enormanvillfi@blogspot.com,Male,150.103.190.240
560,Ignacius,Olenikov,iolenikovfj@miibeian.gov.cn,Male,0.129.26.217
561,Tyrone,Giordano,tgiordanofk@ft.com,Male,214.33.30.113
562,Lexis,Kollatsch,lkollatschfl@nps.gov,Female,253.244.54.211
563,Cassie,Learmont,clearmontfm@ovh.net,Female,185.247.37.207
564,Juanita,Ferrers,jferrersfn@zimbio.com,Female,224.23.12.105
565,Brianna,McLennan,bmclennanfo@freewebs.com,Female,41.176.193.134
566,Tobit,McGuirk,tmcguirkfp@shareasale.com,Male,229.8.139.184
567,Davin,Koeppe,dkoeppefq@wordpress.com,Agender,203.247.209.21
568,Raimundo,Lux,rluxfr@mlb.com,Male,183.182.83.175
569,Banky,Crinkley,bcrinkleyfs@utexas.edu,Male,240.226.225.76
570,Brett,Steet,bsteetft@woothemes.com,Male,132.192.211.191
571,Clay,McMinn,cmcminnfu@unblog.fr,Male,152.222.241.123
572,Dion,Haisell,dhaisellfv@sfgate.com,Female,198.116.227.33
573,Joseph,Jikovsky,jjikovskyfw@ebay.co.uk,Male,74.186.211.4
574,Teodoor,Breed,tbreedfx@t.co,Male,46.146.166.36
575,Teresina,Nestle,tnestlefy@mayoclinic.com,Female,150.44.34.53
576,Dario,Keal,dkealfz@umich.edu,Male,229.94.5.155
577,Violette,Learmond,vlearmondg0@github.com,Female,126.10.173.86
578,Ailbert,Hellewell,ahellewellg1@sourceforge.net,Male,224.204.98.34
579,Ebeneser,Puvia,epuviag2@nymag.com,Agender,205.170.62.63
580,Leah,Meech,lmeechg3@elpais.com,Female,124.10.0.79
581,Malinde,Featherstone,mfeatherstoneg4@weebly.com,Female,173.123.238.254
582,Zachariah,Le Marquand,zlemarquandg5@hhs.gov,Genderqueer,185.156.205.1
583,Pepe,Van Arsdall,pvanarsdallg6@google.com.au,Male,253.214.146.194
584,Bab,Karpmann,bkarpmanng7@shutterfly.com,Female,101.205.41.114
585,Robbi,Thackray,rthackrayg8@economist.com,Female,127.23.240.181
586,Avrom,Shinefield,ashinefieldg9@amazon.co.uk,Male,167.153.4.210
587,Muffin,Gellan,mgellanga@cam.ac.uk,Non-binary,21.101.238.80
588,Liv,Confait,lconfaitgb@msn.com,Female,39.3.216.249
589,Leora,Kiffe,lkiffegc@bbc.co.uk,Polygender,62.89.130.20
590,Augusto,Matyashev,amatyashevgd@reverbnation.com,Male,162.55.204.130
591,Prudi,Aysh,payshge@livejournal.com,Female,172.125.78.131
592,Stormi,Gawthorp,sgawthorpgf@flavors.me,Female,237.128.244.117
593,Darill,Gwynne,dgwynnegg@dedecms.com,Male,45.234.64.233
594,Koo,Stave,kstavegh@de.vu,Female,95.58.228.216
595,Thatch,O'Cahsedy,tocahsedygi@ustream.tv,Male,41.118.228.98
596,Godfrey,Copello,gcopellogj@icq.com,Male,239.58.105.117
597,Carmine,Viles,cvilesgk@163.com,Female,36.97.112.81
598,Onofredo,McKevin,omckevingl@webmd.com,Male,87.182.181.201
599,Florella,Penchen,fpenchengm@trellian.com,Female,179.92.130.5
600,Glennis,Goozee,ggoozeegn@domainmarket.com,Female,213.55.83.229
601,Saundra,Nelsey,snelseygo@drupal.org,Female,149.194.84.155
602,Milty,Peagram,mpeagramgp@geocities.com,Male,4.123.194.216
603,Sari,Dyson,sdysongq@utexas.edu,Female,145.46.48.179
604,Boyce,Francois,bfrancoisgr@china.com.cn,Male,90.2.130.216
605,Ofella,Milleton,omilletongs@accuweather.com,Female,132.6.14.160
606,Greer,Laidlow,glaidlowgt@utexas.edu,Female,241.131.236.76
607,Nydia,Bondley,nbondleygu@miibeian.gov.cn,Female,0.48.4.69
608,Noelani,Vittle,nvittlegv@goo.gl,Female,223.195.53.133
609,Bamby,Grewes,bgrewesgw@surveymonkey.com,Female,88.158.158.204
610,Hodge,Rooke,hrookegx@reuters.com,Genderfluid,75.212.112.196
611,Patrick,Knipe,pknipegy@goo.gl,Male,170.41.202.85
612,Halimeda,Scarth,hscarthgz@tuttocitta.it,Female,112.4.179.187
613,Reggi,Roony,rroonyh0@businesswire.com,Female,21.150.1.96
614,Lois,Bendall,lbendallh1@skyrock.com,Female,132.175.90.138
615,Nadia,Natalie,nnatalieh2@ebay.com,Polygender,68.221.118.92
616,Christoper,Saye,csayeh3@cisco.com,Male,181.27.175.90
617,Zerk,Seathwright,zseathwrighth4@dropbox.com,Male,44.202.80.240
618,Clayborne,Gidman,cgidmanh5@intel.com,Male,122.151.12.159
619,Amitie,Burge,aburgeh6@surveymonkey.com,Female,30.61.110.232
620,Davis,Crampsey,dcrampseyh7@amazonaws.com,Male,84.134.203.168
621,Wilek,Slater,wslaterh8@seattletimes.com,Male,84.51.140.163
622,Kevina,Sacchetti,ksacchettih9@ocn.ne.jp,Female,2.230.115.39
623,Gretna,MacNally,gmacnallyha@google.pl,Female,51.193.203.217
624,Timofei,Foxcroft,tfoxcrofthb@yale.edu,Male,188.49.124.101
625,Cristina,Cleeve,ccleevehc@goodreads.com,Female,188.176.63.117
626,Greta,Bricknell,gbricknellhd@google.es,Female,182.14.83.90
627,Nollie,Jubert,njuberthe@nifty.com,Male,1.75.5.201
628,Karissa,Stork,kstorkhf@zimbio.com,Genderfluid,194.110.203.88
629,Sherie,Aubri,saubrihg@bandcamp.com,Female,28.248.85.156
630,Hersch,Dowglass,hdowglasshh@twitter.com,Male,255.30.197.87
631,Arlan,Cullimore,acullimorehi@uiuc.edu,Male,124.11.165.60
632,Vicki,Meijer,vmeijerhj@mashable.com,Female,10.110.134.34
633,Ad,Bullard,abullardhk@mozilla.com,Male,101.25.123.252
634,Ariel,Sabatini,asabatinihl@si.edu,Male,163.201.239.141
635,Wat,Capner,wcapnerhm@businesswire.com,Male,65.167.112.146
636,Chrotoem,Isaak,cisaakhn@abc.net.au,Male,19.220.73.34
637,Madeline,Itshak,mitshakho@sun.com,Female,137.126.120.109
638,Gifford,Cyseley,gcyseleyhp@cafepress.com,Male,31.216.233.124
639,Jerri,Wakeham,jwakehamhq@huffingtonpost.com,Male,2.105.171.103
640,Mario,Sidebottom,msidebottomhr@netlog.com,Male,129.60.147.131
641,Gustavus,Hasely,ghaselyhs@marketwatch.com,Male,240.28.68.77
642,Wyn,Epgrave,wepgraveht@histats.com,Male,206.4.201.162
643,Cathe,Kohlerman,ckohlermanhu@macromedia.com,Female,98.212.202.110
644,Wiatt,Elacoate,welacoatehv@soup.io,Male,177.81.73.61
645,Foss,Siene,fsienehw@washington.edu,Male,91.165.146.72
646,Auberta,Brodley,abrodleyhx@berkeley.edu,Female,141.29.89.0
647,Auria,Daborne,adabornehy@google.co.uk,Bigender,42.165.99.85
648,Marcelia,Soaper,msoaperhz@redcross.org,Female,184.50.143.246
649,Christophe,Ramsdell,cramsdelli0@epa.gov,Male,13.78.227.192
650,Annalee,Collcutt,acollcutti1@trellian.com,Female,196.234.36.115
651,Phip,Roony,proonyi2@amazonaws.com,Male,239.214.78.46
652,Mikey,Kepe,mkepei3@patch.com,Male,217.167.79.109
653,Kristina,Moulsdale,kmoulsdalei4@infoseek.co.jp,Female,239.209.166.79
654,Lay,Greenhead,lgreenheadi5@wiley.com,Bigender,165.16.45.214
655,Rogers,Pennycuick,rpennycuicki6@bloglines.com,Male,38.149.39.17
656,Yetta,Cubley,ycubleyi7@github.io,Female,15.241.47.97
657,Danny,Cheales,dchealesi8@reuters.com,Male,127.189.79.100
658,Cletus,Gosneye,cgosneyei9@youtu.be,Male,27.45.187.157
659,Cecilio,Hartzogs,chartzogsia@statcounter.com,Male,105.3.56.125
660,Stewart,Noraway,snorawayib@youtube.com,Male,59.23.10.166
661,Mano,Hurles,mhurlesic@edublogs.org,Male,139.217.122.134
662,Tomkin,Hubbock,thubbockid@cmu.edu,Male,99.60.69.114
663,Natty,Wycliff,nwycliffie@meetup.com,Male,62.129.116.234
664,Vivie,Bilby,vbilbyif@guardian.co.uk,Polygender,126.141.239.48
665,Monah,Paullin,mpaullinig@t-online.de,Female,65.228.127.192
666,Stephine,Sleaford,ssleafordih@digg.com,Female,21.112.127.62
667,Loralee,Spinelli,lspinelliii@fastcompany.com,Non-binary,172.16.160.38
668,Abbey,Masseo,amasseoij@google.fr,Female,122.108.113.174
669,Shamus,Shill,sshillik@google.cn,Male,173.17.214.15
670,Adriane,Battie,abattieil@liveinternet.ru,Female,240.243.31.130
671,Tanney,Petraitis,tpetraitisim@arstechnica.com,Male,90.61.61.127
672,Gardner,Yakubov,gyakubovin@jimdo.com,Genderqueer,73.246.230.111
673,Emilio,Outram,eoutramio@spiegel.de,Male,170.90.55.238
674,Carmen,Moro,cmoroip@fema.gov,Female,0.223.230.225
675,Adriano,Nipper,anipperiq@salon.com,Male,42.72.156.18
676,Yolande,Paolo,ypaoloir@shop-pro.jp,Female,47.109.58.42
677,Stanley,Carroll,scarrollis@imdb.com,Male,56.142.226.53
678,Gonzalo,Barkaway,gbarkawayit@wordpress.com,Male,167.204.63.49
679,Prudence,Sarsons,psarsonsiu@issuu.com,Female,148.178.50.52
680,Winifield,Chatelot,wchatelotiv@macromedia.com,Male,60.24.3.37
681,Boony,Marikhin,bmarikhiniw@oakley.com,Male,142.48.115.40
682,Vidovik,Christene,vchristeneix@gnu.org,Male,193.195.238.39
683,Darnall,McTiernan,dmctiernaniy@engadget.com,Male,108.34.241.130
684,Reynold,Pachmann,rpachmanniz@nps.gov,Male,124.30.111.225
685,Starlene,Fasler,sfaslerj0@reverbnation.com,Female,200.57.85.207
686,Emili,Trunks,etrunksj1@vistaprint.com,Non-binary,67.250.240.23
687,Craggie,Tooher,ctooherj2@google.co.jp,Male,184.52.29.73
688,Clyve,Lovett,clovettj3@java.com,Male,187.104.123.206
689,Daphna,Pearcey,dpearceyj4@nbcnews.com,Female,46.3.240.86
690,Morgen,Shewsmith,mshewsmithj5@foxnews.com,Male,133.99.11.66
691,Roth,Grabert,rgrabertj6@mozilla.org,Male,79.6.134.3
692,Vincenz,Iskow,viskowj7@godaddy.com,Male,194.2.73.176
693,Demetre,Kidder,dkidderj8@pen.io,Male,83.174.16.132
694,Harwell,Hindenberger,hhindenbergerj9@hibu.com,Male,251.163.63.171
695,Petr,Karpenya,pkarpenyaja@shutterfly.com,Male,187.1.200.65
696,Denyse,Bacchus,dbacchusjb@stanford.edu,Female,166.175.87.39
697,Mikey,Gerding,mgerdingjc@nhs.uk,Male,202.217.142.89
698,Georgina,Tremberth,gtremberthjd@psu.edu,Female,3.84.35.72
699,Elaine,Stainland,estainlandje@japanpost.jp,Female,127.177.79.39
700,Milty,Collop,mcollopjf@constantcontact.com,Male,52.71.237.163
701,Homere,Hehir,hhehirjg@nymag.com,Male,112.33.159.156
702,Asher,Goligly,agoliglyjh@bluehost.com,Non-binary,165.156.69.85
703,Margy,Norrington,mnorringtonji@merriam-webster.com,Agender,182.115.30.39
704,Phaidra,Miebes,pmiebesjj@ebay.com,Female,56.231.82.100
705,Aloysia,Hearsey,ahearseyjk@blogs.com,Female,82.230.133.58
706,Miles,Epinoy,mepinoyjl@prlog.org,Male,32.105.140.239
707,Ahmad,Nelle,anellejm@kickstarter.com,Male,159.103.254.13
708,Brynna,Clyne,bclynejn@google.com.br,Female,82.36.96.5
709,Redford,Mains,rmainsjo@php.net,Male,240.93.221.165
710,Kinna,Ebbrell,kebbrelljp@hexun.com,Female,35.145.231.134
711,Konrad,Dell'Abbate,kdellabbatejq@multiply.com,Male,233.45.136.198
712,Sallie,Beville,sbevillejr@webnode.com,Female,176.202.171.45
713,Cecily,Woolliams,cwoolliamsjs@symantec.com,Female,196.18.11.24
714,Sigmund,Boraston,sborastonjt@t-online.de,Male,64.140.253.185
715,Koren,Brookshaw,kbrookshawju@slate.com,Female,143.92.214.133
716,Bernadette,Faustian,bfaustianjv@photobucket.com,Female,247.102.102.191
717,Clevie,Goodings,cgoodingsjw@biblegateway.com,Male,48.43.165.47
718,Hamlin,Glendzer,hglendzerjx@boston.com,Male,112.99.63.153
719,Ari,Crenage,acrenagejy@usatoday.com,Male,195.216.69.210
720,Andree,Greschke,agreschkejz@edublogs.org,Female,131.41.204.95
721,Giraldo,Niemetz,gniemetzk0@arizona.edu,Male,189.232.92.41
722,Muffin,Backsal,mbacksalk1@simplemachines.org,Polygender,231.84.20.240
723,Nicolai,Ninnis,nninnisk2@nifty.com,Male,198.156.23.84
724,Oona,Print,oprintk3@un.org,Female,10.243.46.243
725,Lenora,Sell,lsellk4@wordpress.org,Female,230.74.84.199
726,Suzi,Mahedy,smahedyk5@list-manage.com,Female,167.66.97.141
727,Blakelee,Janz,bjanzk6@rediff.com,Female,32.9.111.25
728,Roth,Frayn,rfraynk7@thetimes.co.uk,Male,169.71.95.225
729,Lorna,Shanklin,lshanklink8@delicious.com,Female,3.94.215.201
730,Felecia,Dorrance,fdorrancek9@linkedin.com,Female,72.72.106.254
731,Lacey,Wall,lwallka@mozilla.com,Female,164.13.97.122
732,Alanna,Wardroper,awardroperkb@photobucket.com,Female,223.55.212.110
733,Brock,Burdoun,bburdounkc@i2i.jp,Male,168.53.234.27
734,Suzanna,Bambrough,sbambroughkd@alibaba.com,Female,83.28.80.166
735,Zabrina,Snoddon,zsnoddonke@hud.gov,Female,2.200.232.68
736,Kippar,Roddell,kroddellkf@telegraph.co.uk,Male,7.64.18.78
737,Bibby,Dawney,bdawneykg@ask.com,Female,74.81.90.63
738,Lil,Calley,lcalleykh@accuweather.com,Non-binary,18.59.97.207
739,Bartlet,Gingel,bgingelki@epa.gov,Male,210.244.102.112
740,Freida,Derell,fderellkj@hubpages.com,Female,6.205.18.133
741,Marchelle,Wannell,mwannellkk@example.com,Female,71.84.119.244
742,Chris,Morales,cmoraleskl@vistaprint.com,Male,156.51.245.124
743,Robenia,Pietruszka,rpietruszkakm@opensource.org,Female,61.198.63.1
744,Dionne,Saltmarshe,dsaltmarshekn@ameblo.jp,Female,78.86.135.155
745,Adiana,Klimowski,aklimowskiko@angelfire.com,Female,122.75.190.188
746,Jereme,Keuning,jkeuningkp@ebay.co.uk,Male,153.173.158.236
747,Jamey,Sondon,jsondonkq@sitemeter.com,Male,247.137.50.52
748,Gilbert,Heersma,gheersmakr@webeden.co.uk,Male,29.248.153.120
749,Aubrie,Gayter,agayterks@virginia.edu,Female,63.94.45.245
750,Germana,Leroy,gleroykt@fda.gov,Female,4.21.80.51
751,Elladine,Derby,ederbyku@telegraph.co.uk,Female,158.193.74.62
752,Valida,Tidcombe,vtidcombekv@github.com,Female,227.112.158.60
753,Efren,Hardwell,ehardwellkw@ovh.net,Male,136.72.196.234
754,Malanie,De Cleyne,mdecleynekx@sina.com.cn,Genderqueer,15.46.94.155
755,Sapphira,Callway,scallwayky@csmonitor.com,Bigender,61.175.175.188
756,Cassandry,Rubartelli,crubartellikz@seesaa.net,Bigender,106.154.103.199
757,Eirena,Ockland,eocklandl0@ycombinator.com,Female,165.140.104.221
758,Fayth,Espinas,fespinasl1@addtoany.com,Female,48.124.40.197
759,Vita,MacVagh,vmacvaghl2@bloglines.com,Polygender,115.111.6.56
760,Estell,Pettingill,epettingilll3@eepurl.com,Female,23.189.174.157
761,Munroe,Cattini,mcattinil4@abc.net.au,Male,196.204.235.174
762,Karlotte,Gatteridge,kgatteridgel5@webnode.com,Female,53.196.127.33
763,Ernesta,Lockier,elockierl6@exblog.jp,Female,60.101.91.210
764,Berni,Alelsandrovich,balelsandrovichl7@ox.ac.uk,Female,35.227.182.245
765,Jo,Trude,jtrudel8@icq.com,Female,199.79.239.59
766,Ricky,McFayden,rmcfaydenl9@blinklist.com,Female,158.252.97.88
767,Marven,Branchet,mbranchetla@zdnet.com,Male,149.231.251.67
768,Phylys,Bilsford,pbilsfordlb@yellowbook.com,Female,151.202.168.102
769,Feliza,Ewers,fewerslc@squidoo.com,Female,185.75.76.66
770,Gerrie,Worgen,gworgenld@mysql.com,Male,193.4.162.203
771,Nancy,Eskriet,neskrietle@eventbrite.com,Female,133.233.7.124
772,Prent,Di Antonio,pdiantoniolf@bigcartel.com,Male,51.200.9.100
773,Wes,Forde,wfordelg@sphinn.com,Polygender,229.217.27.32
774,Timi,Abazi,tabazilh@goo.gl,Female,249.203.249.79
775,Arluene,Peniman,apenimanli@boston.com,Female,171.81.89.218
776,Peggi,Brandenberg,pbrandenberglj@wufoo.com,Agender,18.214.249.74
777,Lesya,Lill,llilllk@tinypic.com,Genderfluid,239.212.129.237
778,Werner,Huckleby,whucklebyll@go.com,Polygender,144.1.11.211
779,Reinald,Learmond,rlearmondlm@behance.net,Male,169.211.174.165
780,Megan,Dundendale,mdundendaleln@cpanel.net,Genderfluid,186.46.2.74
781,Nicolette,Eddie,neddielo@purevolume.com,Female,41.73.199.108
782,Birdie,Blazhevich,bblazhevichlp@mtv.com,Female,23.225.249.118
783,Howard,McKeowon,hmckeowonlq@hibu.com,Genderfluid,50.226.240.140
784,Lorilee,Pedroli,lpedrolilr@oaic.gov.au,Female,134.50.245.105
785,Dalis,Gandey,dgandeyls@nbcnews.com,Male,41.187.200.223
786,Timmy,Lawrenz,tlawrenzlt@woothemes.com,Female,52.29.218.56
787,Vito,Issacoff,vissacofflu@shop-pro.jp,Male,224.129.89.167
788,Moritz,Girauld,mgirauldlv@eepurl.com,Male,112.168.204.160
789,Gizela,Simeoli,gsimeolilw@usatoday.com,Female,139.251.224.118
790,Milton,Crabb,mcrabblx@google.cn,Male,67.180.8.119
791,Saba,Penkman,spenkmanly@mtv.com,Female,164.111.222.241
792,Vidovik,De Francisci,vdefranciscilz@google.it,Male,130.220.100.104
793,Ericha,Castagnone,ecastagnonem0@hhs.gov,Female,206.202.82.225
794,Kleon,Hanby,khanbym1@google.nl,Male,139.165.242.78
795,Danie,Selwyne,dselwynem2@eepurl.com,Male,203.116.84.214
796,Stacy,Norkutt,snorkuttm3@flickr.com,Female,148.193.30.255
797,Kathi,Boate,kboatem4@boston.com,Female,87.124.21.76
798,Jammie,Farish,jfarishm5@tinyurl.com,Female,120.98.236.226
799,Rosco,McCaughran,rmccaughranm6@mail.ru,Bigender,198.208.221.201
800,Davon,Stoke,dstokem7@discuz.net,Male,6.68.130.156
801,Nicolas,Zorro,nzorrom8@answers.com,Male,3.11.43.160
802,Nada,McAirt,nmcairtm9@google.co.jp,Female,22.130.125.58
803,Hanson,Spinley,hspinleyma@foxnews.com,Male,65.66.210.250
804,Adolpho,O'Crevy,aocrevymb@examiner.com,Male,180.170.122.194
805,Neely,Haynes,nhaynesmc@imdb.com,Female,14.4.109.99
806,Wanda,Ammer,wammermd@4shared.com,Female,103.127.241.166
807,Gardie,Gergler,ggerglerme@reverbnation.com,Male,169.1.83.139
808,Phaedra,Varrow,pvarrowmf@mapquest.com,Female,14.120.132.29
809,Lloyd,Bolin,lbolinmg@upenn.edu,Male,135.81.160.43
810,Traver,Heinrich,theinrichmh@economist.com,Male,99.216.26.161
811,Kenny,Broschke,kbroschkemi@free.fr,Male,153.68.233.5
812,Sarajane,Pawden,spawdenmj@barnesandnoble.com,Female,93.196.149.43
813,Emile,Flack,eflackmk@netlog.com,Male,94.83.10.207
814,Darice,Nunnery,dnunneryml@wikispaces.com,Genderfluid,239.36.244.134
815,Ernesto,Trunby,etrunbymm@cam.ac.uk,Male,77.130.46.37
816,Taddeusz,Baggarley,tbaggarleymn@furl.net,Male,109.240.96.220
817,Eziechiele,O'Daly,eodalymo@last.fm,Male,116.246.36.46
818,Jermaine,Vowles,jvowlesmp@skype.com,Male,19.209.160.59
819,Ania,Sidwick,asidwickmq@cisco.com,Non-binary,214.44.1.58
820,Velvet,Bunton,vbuntonmr@alexa.com,Female,65.238.87.16
821,Carleen,Bree,cbreems@4shared.com,Female,61.100.78.156
822,Olivia,Trobey,otrobeymt@joomla.org,Non-binary,67.139.217.238
823,Valeda,Madders,vmaddersmu@multiply.com,Female,195.106.46.210
824,Mylo,Clarey,mclareymv@netscape.com,Male,20.181.141.147
825,Reube,Petzolt,rpetzoltmw@usgs.gov,Male,109.3.110.129
826,Elisha,Kohrding,ekohrdingmx@liveinternet.ru,Male,103.96.14.181
827,Roarke,Boas,rboasmy@ning.com,Male,176.94.185.136
828,Cissy,Tilly,ctillymz@ask.com,Bigender,97.225.132.209
829,Ingrim,MacAleese,imacaleesen0@ezinearticles.com,Male,67.76.239.239
830,Perry,Phant,pphantn1@mac.com,Male,61.206.54.69
831,Bryanty,Defont,bdefontn2@tumblr.com,Male,186.249.186.120
832,Dov,Lindenfeld,dlindenfeldn3@sphinn.com,Male,86.14.8.21
833,Benetta,Derby,bderbyn4@joomla.org,Female,109.179.65.196
834,Gerry,Arsnell,garsnelln5@hugedomains.com,Male,247.108.26.48
835,Hercules,Roblett,hroblettn6@fda.gov,Agender,132.204.3.242
836,Virge,Langelay,vlangelayn7@addthis.com,Male,122.172.180.199
837,Barb,Cordery,bcorderyn8@tuttocitta.it,Non-binary,241.129.85.11
838,Harlan,Straun,hstraunn9@issuu.com,Male,156.24.101.251
839,Ursulina,Bartozzi,ubartozzina@bing.com,Female,49.223.34.57
840,Trudey,Whitty,twhittynb@si.edu,Female,168.50.207.197
841,Lionello,Steptow,lsteptownc@yolasite.com,Male,203.160.55.207
842,Jamie,MacGaughy,jmacgaughynd@seesaa.net,Non-binary,193.30.49.239
843,Addy,Camm,acammne@europa.eu,Female,105.99.182.209
844,Kyla,Huband,khubandnf@washingtonpost.com,Female,66.232.105.189
845,Harwell,Sudran,hsudranng@sina.com.cn,Male,8.74.87.178
846,Lion,Beane,lbeanenh@marketwatch.com,Male,49.106.63.43
847,Lin,Staniford,lstanifordni@clickbank.net,Male,6.23.37.21
848,Kelsey,Vogeller,kvogellernj@hibu.com,Female,89.248.17.6
849,Aldin,Tubbs,atubbsnk@epa.gov,Male,54.237.0.197
850,Jeanna,Shoreson,jshoresonnl@statcounter.com,Female,2.48.28.243
851,Tommi,Bigglestone,tbigglestonenm@fema.gov,Female,50.65.122.147
852,Base,Disman,bdismannn@nsw.gov.au,Male,102.63.255.50
853,Faulkner,Swannell,fswannellno@posterous.com,Male,248.59.34.78
854,Christine,Bravey,cbraveynp@technorati.com,Female,98.23.140.156
855,Celina,Leman,clemannq@seattletimes.com,Female,43.88.63.191
856,Darren,Attenbrough,dattenbroughnr@mapquest.com,Male,58.236.254.203
857,Lelah,Shreeves,lshreevesns@amazonaws.com,Female,19.24.121.55
858,Giordano,Piatek,gpiateknt@posterous.com,Male,182.28.4.2
859,Susie,Ludwikiewicz,sludwikiewicznu@google.nl,Female,113.187.181.74
860,Kahaleel,Mizzi,kmizzinv@archive.org,Male,12.230.32.164
861,Vilhelmina,Killock,vkillocknw@biglobe.ne.jp,Female,82.62.181.124
862,Mort,De Wolfe,mdewolfenx@deliciousdays.com,Male,67.226.104.121
863,Johnathan,Shoubridge,jshoubridgeny@pen.io,Male,202.145.251.169
864,Cher,Kinnerk,ckinnerknz@joomla.org,Female,227.119.56.242
865,Jeanie,Grinnikov,jgrinnikovo0@sourceforge.net,Female,156.24.228.165
866,Mabelle,Pepper,mpeppero1@pbs.org,Female,83.32.73.230
867,Porty,Piniur,ppiniuro2@last.fm,Male,49.147.8.253
868,Delbert,Cutmore,dcutmoreo3@sciencedaily.com,Male,76.67.23.192
869,Imogene,Jonah,ijonaho4@merriam-webster.com,Female,74.236.239.86
870,Danya,Dearth,ddeartho5@icq.com,Male,1.82.67.176
871,Binnie,Bullivent,bbullivento6@springer.com,Female,61.11.118.81
872,Cristian,Everil,ceverilo7@ameblo.jp,Male,67.236.243.175
873,Natalee,Gilliard,ngilliardo8@amazon.co.jp,Non-binary,35.233.241.108
874,Jerrold,Du Pre,jdupreo9@google.de,Genderfluid,178.226.66.166
875,Ardisj,Dishmon,adishmonoa@technorati.com,Female,88.5.181.84
876,Trev,Leveridge,tleveridgeob@skype.com,Male,19.237.227.194
877,Baxie,Bigg,bbiggoc@bloomberg.com,Male,127.237.149.50
878,Amby,MacClinton,amacclintonod@columbia.edu,Male,99.10.122.77
879,Dallas,Raecroft,draecroftoe@fema.gov,Male,21.1.82.38
880,Starlene,Boxhill,sboxhillof@addtoany.com,Female,108.155.149.157
881,Harold,Daborne,hdaborneog@mozilla.com,Male,139.178.78.18
882,Trent,Heasly,theaslyoh@sun.com,Male,246.67.171.158
883,Pietra,Stutter,pstutteroi@nature.com,Female,112.37.5.163
884,Sheryl,Oiseau,soiseauoj@alibaba.com,Female,2.4.33.106
885,Ximenez,Crauford,xcraufordok@webeden.co.uk,Male,217.192.10.201
886,Adelaide,Callard,acallardol@gnu.org,Female,205.160.62.227
887,Chelsae,Mazzia,cmazziaom@clickbank.net,Female,210.162.65.214
888,Dixie,Frankcomb,dfrankcombon@istockphoto.com,Female,140.184.77.108
889,Dorelia,Monte,dmonteoo@booking.com,Female,74.116.54.92
890,Janina,Wigmore,jwigmoreop@nasa.gov,Female,72.73.236.68
891,Alikee,Gullen,agullenoq@chicagotribune.com,Female,143.20.207.207
892,Yule,Stallworthy,ystallworthyor@dailymotion.com,Male,43.64.150.23
893,Benny,Collum,bcollumos@networkadvertising.org,Female,70.20.6.66
894,Domenic,Lauritzen,dlauritzenot@wikia.com,Male,114.78.80.193
895,Brett,Windous,bwindousou@netlog.com,Male,213.249.138.90
896,Gerhard,Catton,gcattonov@cbslocal.com,Male,239.197.218.47
897,Christa,Sedger,csedgerow@cpanel.net,Female,130.162.220.99
898,Adelbert,Bolte,abolteox@123-reg.co.uk,Male,80.234.103.211
899,Maurise,McGoogan,mmcgooganoy@globo.com,Female,242.7.37.182
900,Demetria,McNerlin,dmcnerlinoz@istockphoto.com,Female,66.205.137.12
901,Loren,Nickolls,lnickollsp0@baidu.com,Male,202.29.250.35
902,Winonah,Toyer,wtoyerp1@amazon.co.jp,Female,235.239.25.225
903,Rollin,Halsworth,rhalsworthp2@goo.ne.jp,Male,83.116.69.109
904,Craggy,Casterou,ccasteroup3@japanpost.jp,Male,177.158.247.39
905,Natasha,Guilayn,nguilaynp4@hugedomains.com,Female,96.203.76.144
906,Heddi,Scroyton,hscroytonp5@wsj.com,Genderqueer,31.194.69.229
907,Elna,Whatham,ewhathamp6@mozilla.com,Female,201.218.66.29
908,Skye,Linzey,slinzeyp7@smh.com.au,Genderfluid,216.36.97.139
909,Kathrine,Lownie,klowniep8@zimbio.com,Genderfluid,105.152.247.30
910,Dawna,Rable,drablep9@moonfruit.com,Female,84.33.34.34
911,Milli,Stronach,mstronachpa@opensource.org,Female,173.43.136.76
912,Dominick,Dartnell,ddartnellpb@virginia.edu,Genderqueer,202.175.104.160
913,Austin,Pendrigh,apendrighpc@shareasale.com,Male,69.122.107.184
914,Sharai,Vinnick,svinnickpd@live.com,Female,8.205.78.163
915,Jilli,Dulinty,jdulintype@ucoz.ru,Female,110.0.174.139
916,Roshelle,Whightman,rwhightmanpf@twitpic.com,Female,65.165.200.75
917,Mandy,Robic,mrobicpg@slate.com,Female,208.145.108.234
918,Ara,Gudd,aguddph@jugem.jp,Female,47.114.201.148
919,Damiano,Bougen,dbougenpi@smh.com.au,Male,161.119.132.93
920,Annnora,Campagne,acampagnepj@discovery.com,Female,137.139.243.118
921,Claudia,Barstowk,cbarstowkpk@google.de,Female,65.65.52.130
922,Emmey,Cambell,ecambellpl@archive.org,Female,229.122.126.160
923,Conrad,Snailham,csnailhampm@biblegateway.com,Male,43.49.119.35
924,Milly,Treasure,mtreasurepn@lulu.com,Female,184.143.25.253
925,Aluino,Coudray,acoudraypo@constantcontact.com,Male,120.138.49.142
926,Marcelo,Aronow,maronowpp@comsenz.com,Male,112.213.9.32
927,Catlin,Stalman,cstalmanpq@archive.org,Female,74.70.248.227
928,Julienne,Ditzel,jditzelpr@virginia.edu,Female,83.154.220.35
929,Chaddy,Nottle,cnottleps@google.ca,Male,147.45.155.173
930,Abigail,Standing,astandingpt@cloudflare.com,Female,184.189.116.95
931,Ely,Abramof,eabramofpu@blogtalkradio.com,Male,46.23.174.244
932,Toma,Farryn,tfarrynpv@nba.com,Agender,68.250.178.222
933,Elianora,McCutcheon,emccutcheonpw@senate.gov,Female,166.234.177.153
934,Tammara,Comi,tcomipx@csmonitor.com,Female,81.89.255.234
935,Burr,Mingardo,bmingardopy@nba.com,Male,135.79.72.22
936,Adelind,Dedrick,adedrickpz@shinystat.com,Female,16.88.17.58
937,Katheryn,Gricks,kgricksq0@macromedia.com,Genderfluid,1.116.77.161
938,Alvinia,Petley,apetleyq1@bigcartel.com,Female,121.31.249.43
939,Odelinda,Dinse,odinseq2@github.com,Female,51.49.40.49
940,Roby,Cutchey,rcutcheyq3@va.gov,Non-binary,43.205.46.186
941,Aylmer,Canto,acantoq4@com.com,Male,193.170.38.67
942,Jacques,Klammt,jklammtq5@answers.com,Male,34.83.233.195
943,Leonid,Blades,lbladesq6@uiuc.edu,Male,153.141.3.172
944,Padget,Vedeshkin,pvedeshkinq7@shinystat.com,Male,174.109.201.138
945,Pyotr,Tottem,ptottemq8@bravesites.com,Bigender,231.197.7.86
946,Elsworth,Girardot,egirardotq9@digg.com,Male,101.29.120.214
947,Danella,MacWhirter,dmacwhirterqa@slashdot.org,Female,247.255.71.162
948,Farrell,Innis,finnisqb@nba.com,Male,166.159.9.209
949,Truman,Meece,tmeeceqc@washington.edu,Male,33.132.69.91
950,Levi,Daber,ldaberqd@yahoo.com,Male,226.217.80.48
951,Sheree,Lanchester,slanchesterqe@cornell.edu,Female,131.61.111.27
952,Raychel,MacCracken,rmaccrackenqf@google.nl,Female,243.205.216.21
953,Derron,Husk,dhuskqg@amazon.co.uk,Male,211.239.128.80
954,Kirby,Uzelli,kuzelliqh@mac.com,Male,38.169.237.1
955,Hatti,Casaccia,hcasacciaqi@miitbeian.gov.cn,Female,204.61.123.149
956,Pris,Kubica,pkubicaqj@upenn.edu,Female,158.101.116.139
957,Sheppard,Grieger,sgriegerqk@nhs.uk,Male,246.148.231.228
958,Dwight,Mallabone,dmallaboneql@microsoft.com,Male,60.75.12.126
959,Pincas,Rickards,prickardsqm@youtube.com,Male,112.138.31.1
960,Tildy,Crown,tcrownqn@ning.com,Female,58.3.163.183
961,Gus,Coward,gcowardqo@wunderground.com,Male,144.106.243.182
962,Carolyne,Darrell,cdarrellqp@sciencedaily.com,Polygender,157.237.177.141
963,Lucky,Stollenbecker,lstollenbeckerqq@netscape.com,Female,114.160.209.132
964,Cristin,Biggam,cbiggamqr@imageshack.us,Female,226.245.76.126
965,Dita,Gayter,dgayterqs@google.com.hk,Female,7.120.155.231
966,Brandyn,Tremolieres,btremolieresqt@loc.gov,Male,55.81.150.61
967,Diannne,Endricci,dendricciqu@slideshare.net,Female,247.25.115.126
968,Alic,McPeeters,amcpeetersqv@utexas.edu,Genderfluid,167.255.227.7
969,Thorny,Ducaen,tducaenqw@theguardian.com,Male,73.195.2.180
970,Rancell,Delamar,rdelamarqx@51.la,Male,36.59.119.8
971,Jud,Conrard,jconrardqy@yellowbook.com,Male,84.228.242.146
972,Free,Sidebotton,fsidebottonqz@state.tx.us,Male,111.42.222.112
973,Kendra,Thomton,kthomtonr0@google.com.hk,Female,128.172.6.41
974,Mohammed,Ritchie,mritchier1@photobucket.com,Male,172.19.34.40
975,Seward,Chaundy,schaundyr2@icio.us,Male,150.81.226.171
976,Petey,Everist,peveristr3@vistaprint.com,Male,119.45.199.176
977,Eda,Kike,ekiker4@nytimes.com,Female,234.148.115.222
978,Belva,Clapison,bclapisonr5@de.vu,Female,88.189.0.4
979,Kilian,Klejna,kklejnar6@oakley.com,Male,141.91.200.44
980,Elwira,O'Skehan,eoskehanr7@utexas.edu,Female,193.192.220.161
981,Sallyanne,Shawley,sshawleyr8@usnews.com,Female,19.18.104.73
982,Rozanne,Lipgens,rlipgensr9@google.es,Female,179.71.187.144
983,Meryl,Elrick,melrickra@so-net.ne.jp,Female,77.13.168.19
984,Brena,Dashper,bdashperrb@time.com,Female,255.66.113.160
985,Christoffer,Liveing,cliveingrc@blinklist.com,Male,196.50.140.37
986,Bertina,Eveling,bevelingrd@istockphoto.com,Female,235.74.77.245
987,Reginauld,Tall,rtallre@wsj.com,Male,235.52.88.162
988,Tess,Yakubov,tyakubovrf@networksolutions.com,Female,195.94.160.167
989,Johny,Matuszynski,jmatuszynskirg@domainmarket.com,Male,162.205.79.226
990,Bobbee,Sandford,bsandfordrh@hugedomains.com,Female,239.112.78.204
991,Stanfield,Glasbey,sglasbeyri@va.gov,Male,42.69.157.222
992,Leland,Pyper,lpyperrj@acquirethisname.com,Agender,165.147.157.7
993,Sibylle,Agnolo,sagnolork@walmart.com,Female,58.46.170.76
994,Agna,Ankrett,aankrettrl@typepad.com,Female,216.117.56.89
995,Virgie,Kyteley,vkyteleyrm@ocn.ne.jp,Female,224.9.111.117
996,Townsend,Graham,tgrahamrn@bloglines.com,Male,193.124.176.179
997,Mick,Godfroy,mgodfroyro@virginia.edu,Male,48.72.237.177
998,Ardra,Harrington,aharringtonrp@bing.com,Female,233.92.185.4
999,Marsh,Blazewicz,mblazewiczrq@mashable.com,Male,72.6.69.101
1000,Adah,Miche,amicherr@blogger.com,Female,53.75.255.17
